<?xml version="1.0" encoding="UTF-8" standalone="yes"?>
<addon id="script.module.websocket" name="websocket library" version="0.48.0" provider-name="back-to">
  <requires>
    <import addon="xbmc.python" version="2.24.0"/>
  </requires>
  <extension point="xbmc.python.module" library="lib"/>
  <extension point="xbmc.addon.metadata">
    <summary>websocket library repacked for Kodi</summary>
    <source>https://github.com/websocket-client/websocket-client</source>
    <website>https://github.com/back-to/script.module.websocket</website>
    <platform>all</platform>
    <license>LGPL</license>
    <news>
    0.48.0
    - Add NullHandler to logger to fix python 2 issue. (#400)
    - Fix the issue that websocket status message may not present (#403)
    - Socket error not raised in nested try except in python2 (#408)
    - Load system default certificates if none are given (#415)
    - Fix waiting forever on ping/pong timeout (#411)
    - socks5 via pysocks support (#417)
    - v0.47.0 breaks ability to stop stream with `run_forever` (#410)
    - _http.py: fix windows proxy error due to socktype (#427)
    </news>
  </extension>
</addon>
