<?xml version="1.0" encoding="UTF-8" standalone="yes"?>
<addon id="repository.back-to" name="back-to repository" version="5.0.0" provider-name="back-to">
  <extension point="xbmc.addon.repository" name="back-to">
    <info compressed="true">https://raw.githubusercontent.com/back-to/repo/master/addons.xml</info>
    <checksum>https://raw.githubusercontent.com/back-to/repo/master/addons.xml.md5</checksum>
    <datadir zip="true">https://raw.githubusercontent.com/back-to/repo/master/</datadir>
  </extension>
  <extension point="xbmc.addon.metadata">
    <summary>back-to repository</summary>
    <description>back-to repository</description>
    <platform>all</platform>
    <source>https://github.com/back-to/repo</source>
    <news>
    5.0.0
    - back-to repository
    </news>
    <assets>
        <icon>icon.png</icon>
    </assets>
  </extension>
</addon>
